{
  "SeniorCitizen":{
    "reference_mean":0.1614201183,
    "production_mean":0.148,
    "mean_difference":-0.0134201183,
    "reference_std":0.3679615606,
    "production_std":0.3554556194,
    "reference_missing_rate":0.0,
    "production_missing_rate":0.0,
    "psi":0.0013779003
  },
  "tenure":{
    "reference_mean":32.4428402367,
    "production_mean":31.6,
    "mean_difference":-0.8428402367,
    "reference_std":24.629183837,
    "production_std":24.4936701978,
    "reference_missing_rate":0.0,
    "production_missing_rate":0.0,
    "psi":0.0146604916
  },
  "MonthlyCharges":{
    "reference_mean":64.8945088757,
    "production_mean":65.6004,
    "mean_difference":0.7058911243,
    "reference_std":30.3260021577,
    "production_std":28.6826817488,
    "reference_missing_rate":0.0,
    "production_missing_rate":0.0,
    "psi":0.0241010002
  },
  "TotalCharges":{
    "reference_mean":2299.2988975818,
    "production_mean":2250.8120240481,
    "mean_difference":-48.4868735337,
    "reference_std":2287.7817224702,
    "production_std":2241.2083109089,
    "reference_missing_rate":0.0016568047,
    "production_missing_rate":0.002,
    "psi":0.0196709658
  },
  "gender":{
    "psi":0.0011623654,
    "distribution_shift":{
      "Female":{
        "reference_freq":0.4970414201,
        "production_freq":0.48
      },
      "Male":{
        "reference_freq":0.5029585799,
        "production_freq":0.52
      }
    }
  },
  "Partner":{
    "psi":0.0036841174,
    "distribution_shift":{
      "Yes":{
        "reference_freq":0.4816568047,
        "production_freq":0.512
      },
      "No":{
        "reference_freq":0.5183431953,
        "production_freq":0.488
      }
    }
  },
  "Dependents":{
    "psi":0.0011717886,
    "distribution_shift":{
      "Yes":{
        "reference_freq":0.2982248521,
        "production_freq":0.314
      },
      "No":{
        "reference_freq":0.7017751479,
        "production_freq":0.686
      }
    }
  },
  "PhoneService":{
    "psi":0.0001788623,
    "distribution_shift":{
      "Yes":{
        "reference_freq":0.9020118343,
        "production_freq":0.898
      },
      "No":{
        "reference_freq":0.0979881657,
        "production_freq":0.102
      }
    }
  },
  "MultipleLines":{
    "psi":0.0015322914,
    "distribution_shift":{
      "Yes":{
        "reference_freq":0.4224852071,
        "production_freq":0.438
      },
      "No":{
        "reference_freq":0.4795266272,
        "production_freq":0.46
      },
      "No phone service":{
        "reference_freq":0.0979881657,
        "production_freq":0.102
      }
    }
  },
  "InternetService":{
    "psi":0.0073409321,
    "distribution_shift":{
      "DSL":{
        "reference_freq":0.3398816568,
        "production_freq":0.372
      },
      "No":{
        "reference_freq":0.2201183432,
        "production_freq":0.19
      },
      "Fiber optic":{
        "reference_freq":0.44,
        "production_freq":0.438
      }
    }
  },
  "OnlineSecurity":{
    "psi":0.0056737639,
    "distribution_shift":{
      "No internet service":{
        "reference_freq":0.2201183432,
        "production_freq":0.19
      },
      "Yes":{
        "reference_freq":0.2892307692,
        "production_freq":0.296
      },
      "No":{
        "reference_freq":0.4906508876,
        "production_freq":0.514
      }
    }
  },
  "OnlineBackup":{
    "psi":0.0062646574,
    "distribution_shift":{
      "No internet service":{
        "reference_freq":0.2201183432,
        "production_freq":0.19
      },
      "Yes":{
        "reference_freq":0.3486390533,
        "production_freq":0.374
      },
      "No":{
        "reference_freq":0.4312426036,
        "production_freq":0.436
      }
    }
  },
  "DeviceProtection":{
    "psi":0.0080920205,
    "distribution_shift":{
      "No internet service":{
        "reference_freq":0.2201183432,
        "production_freq":0.19
      },
      "Yes":{
        "reference_freq":0.349112426,
        "production_freq":0.34
      },
      "No":{
        "reference_freq":0.4307692308,
        "production_freq":0.47
      }
    }
  },
  "TechSupport":{
    "psi":0.0134079681,
    "distribution_shift":{
      "No internet service":{
        "reference_freq":0.2201183432,
        "production_freq":0.19
      },
      "Yes":{
        "reference_freq":0.2970414201,
        "production_freq":0.27
      },
      "No":{
        "reference_freq":0.4828402367,
        "production_freq":0.54
      }
    }
  },
  "StreamingTV":{
    "psi":0.0086691215,
    "distribution_shift":{
      "No internet service":{
        "reference_freq":0.2201183432,
        "production_freq":0.19
      },
      "Yes":{
        "reference_freq":0.3959763314,
        "production_freq":0.386
      },
      "No":{
        "reference_freq":0.3839053254,
        "production_freq":0.424
      }
    }
  },
  "StreamingMovies":{
    "psi":0.0057256805,
    "distribution_shift":{
      "No internet service":{
        "reference_freq":0.2201183432,
        "production_freq":0.19
      },
      "Yes":{
        "reference_freq":0.3905325444,
        "production_freq":0.4
      },
      "No":{
        "reference_freq":0.3893491124,
        "production_freq":0.41
      }
    }
  },
  "Contract":{
    "psi":0.0050953846,
    "distribution_shift":{
      "Two year":{
        "reference_freq":0.2426035503,
        "production_freq":0.256
      },
      "Month-to-month":{
        "reference_freq":0.5453254438,
        "production_freq":0.56
      },
      "One year":{
        "reference_freq":0.2120710059,
        "production_freq":0.184
      }
    }
  },
  "PaperlessBilling":{
    "psi":0.0003458112,
    "distribution_shift":{
      "Yes":{
        "reference_freq":0.584852071,
        "production_freq":0.594
      },
      "No":{
        "reference_freq":0.415147929,
        "production_freq":0.406
      }
    }
  },
  "PaymentMethod":{
    "psi":0.001901703,
    "distribution_shift":{
      "Electronic check":{
        "reference_freq":0.3337278107,
        "production_freq":0.318
      },
      "Bank transfer (automatic)":{
        "reference_freq":0.2208284024,
        "production_freq":0.228
      },
      "Credit card (automatic)":{
        "reference_freq":0.2165680473,
        "production_freq":0.23
      },
      "Mailed check":{
        "reference_freq":0.2288757396,
        "production_freq":0.224
      }
    }
  },
  "Churn":{
    "psi":0.001086047,
    "distribution_shift":{
      "Yes":{
        "reference_freq":0.2653254438,
        "production_freq":0.28
      },
      "No":{
        "reference_freq":0.7346745562,
        "production_freq":0.72
      }
    }
  }
}