{
  "SeniorCitizen":{
    "reference_mean":0.1614201183,
    "production_mean":0.1572327044,
    "mean_difference":-0.0041874139,
    "reference_std":0.3679615606,
    "production_std":0.3645937404,
    "reference_missing_rate":0.0,
    "production_missing_rate":0.0,
    "psi":0.0001309168
  },
  "tenure":{
    "reference_mean":32.4428402367,
    "production_mean":31.7924528302,
    "mean_difference":-0.6503874065,
    "reference_std":24.629183837,
    "production_std":24.3897313738,
    "reference_missing_rate":0.0,
    "production_missing_rate":0.0,
    "psi":0.0235207385
  },
  "MonthlyCharges":{
    "reference_mean":64.8945088757,
    "production_mean":64.3330188679,
    "mean_difference":-0.5614900078,
    "reference_std":30.3260021577,
    "production_std":29.9147576181,
    "reference_missing_rate":0.0,
    "production_missing_rate":0.0,
    "psi":0.0243653802
  },
  "TotalCharges":{
    "reference_mean":2299.2988975818,
    "production_mean":2229.5188679245,
    "mean_difference":-69.7800296573,
    "reference_std":2287.7817224702,
    "production_std":2239.5000448055,
    "reference_missing_rate":0.0016568047,
    "production_missing_rate":0.0,
    "psi":0.0298468712
  },
  "gender":{
    "psi":0.0090026799,
    "distribution_shift":{
      "Female":{
        "reference_freq":0.4970414201,
        "production_freq":0.4496855346
      },
      "Male":{
        "reference_freq":0.5029585799,
        "production_freq":0.5503144654
      }
    }
  },
  "Partner":{
    "psi":0.0049601669,
    "distribution_shift":{
      "Yes":{
        "reference_freq":0.4816568047,
        "production_freq":0.4465408805
      },
      "No":{
        "reference_freq":0.5183431953,
        "production_freq":0.5534591195
      }
    }
  },
  "Dependents":{
    "psi":0.0011217553,
    "distribution_shift":{
      "Yes":{
        "reference_freq":0.2982248521,
        "production_freq":0.2830188679
      },
      "No":{
        "reference_freq":0.7017751479,
        "production_freq":0.7169811321
      }
    }
  },
  "PhoneService":{
    "psi":0.0005390397,
    "distribution_shift":{
      "Yes":{
        "reference_freq":0.9020118343,
        "production_freq":0.9088050314
      },
      "No":{
        "reference_freq":0.0979881657,
        "production_freq":0.0911949686
      }
    }
  },
  "MultipleLines":{
    "psi":0.0006557544,
    "distribution_shift":{
      "Yes":{
        "reference_freq":0.4224852071,
        "production_freq":0.4308176101
      },
      "No":{
        "reference_freq":0.4795266272,
        "production_freq":0.4779874214
      },
      "No phone service":{
        "reference_freq":0.0979881657,
        "production_freq":0.0911949686
      }
    }
  },
  "InternetService":{
    "psi":0.000677333,
    "distribution_shift":{
      "DSL":{
        "reference_freq":0.3398816568,
        "production_freq":0.3522012579
      },
      "No":{
        "reference_freq":0.2201183432,
        "production_freq":0.2169811321
      },
      "Fiber optic":{
        "reference_freq":0.44,
        "production_freq":0.4308176101
      }
    }
  },
  "OnlineSecurity":{
    "psi":0.0059914843,
    "distribution_shift":{
      "No internet service":{
        "reference_freq":0.2201183432,
        "production_freq":0.2169811321
      },
      "Yes":{
        "reference_freq":0.2892307692,
        "production_freq":0.2578616352
      },
      "No":{
        "reference_freq":0.4906508876,
        "production_freq":0.5251572327
      }
    }
  },
  "OnlineBackup":{
    "psi":0.000619068,
    "distribution_shift":{
      "No internet service":{
        "reference_freq":0.2201183432,
        "production_freq":0.2169811321
      },
      "Yes":{
        "reference_freq":0.3486390533,
        "production_freq":0.3396226415
      },
      "No":{
        "reference_freq":0.4312426036,
        "production_freq":0.4433962264
      }
    }
  },
  "DeviceProtection":{
    "psi":0.0010778798,
    "distribution_shift":{
      "No internet service":{
        "reference_freq":0.2201183432,
        "production_freq":0.2169811321
      },
      "Yes":{
        "reference_freq":0.349112426,
        "production_freq":0.3364779874
      },
      "No":{
        "reference_freq":0.4307692308,
        "production_freq":0.4465408805
      }
    }
  },
  "TechSupport":{
    "psi":0.0000953312,
    "distribution_shift":{
      "No internet service":{
        "reference_freq":0.2201183432,
        "production_freq":0.2169811321
      },
      "Yes":{
        "reference_freq":0.2970414201,
        "production_freq":0.2955974843
      },
      "No":{
        "reference_freq":0.4828402367,
        "production_freq":0.4874213836
      }
    }
  },
  "StreamingTV":{
    "psi":0.0055459475,
    "distribution_shift":{
      "No internet service":{
        "reference_freq":0.2201183432,
        "production_freq":0.2169811321
      },
      "Yes":{
        "reference_freq":0.3959763314,
        "production_freq":0.3647798742
      },
      "No":{
        "reference_freq":0.3839053254,
        "production_freq":0.4182389937
      }
    }
  },
  "StreamingMovies":{
    "psi":0.000081557,
    "distribution_shift":{
      "No internet service":{
        "reference_freq":0.2201183432,
        "production_freq":0.2169811321
      },
      "Yes":{
        "reference_freq":0.3905325444,
        "production_freq":0.3899371069
      },
      "No":{
        "reference_freq":0.3893491124,
        "production_freq":0.393081761
      }
    }
  },
  "Contract":{
    "psi":0.0004037434,
    "distribution_shift":{
      "Two year":{
        "reference_freq":0.2426035503,
        "production_freq":0.2421383648
      },
      "Month-to-month":{
        "reference_freq":0.5453254438,
        "production_freq":0.5534591195
      },
      "One year":{
        "reference_freq":0.2120710059,
        "production_freq":0.2044025157
      }
    }
  },
  "PaperlessBilling":{
    "psi":0.0019721843,
    "distribution_shift":{
      "Yes":{
        "reference_freq":0.584852071,
        "production_freq":0.5628930818
      },
      "No":{
        "reference_freq":0.415147929,
        "production_freq":0.4371069182
      }
    }
  },
  "PaymentMethod":{
    "psi":0.000189201,
    "distribution_shift":{
      "Electronic check":{
        "reference_freq":0.3337278107,
        "production_freq":0.3364779874
      },
      "Bank transfer (automatic)":{
        "reference_freq":0.2208284024,
        "production_freq":0.2232704403
      },
      "Credit card (automatic)":{
        "reference_freq":0.2165680473,
        "production_freq":0.2169811321
      },
      "Mailed check":{
        "reference_freq":0.2288757396,
        "production_freq":0.2232704403
      }
    }
  },
  "Churn":{
    "psi":0.0081787593,
    "distribution_shift":{
      "Yes":{
        "reference_freq":0.2653254438,
        "production_freq":0.2264150943
      },
      "No":{
        "reference_freq":0.7346745562,
        "production_freq":0.7735849057
      }
    }
  }
}