{
  "SeniorCitizen":{
    "reference_mean":0.1614201183,
    "production_mean":0.148,
    "mean_difference":-0.0134201183,
    "reference_std":0.3679615606,
    "production_std":0.3554556194
  },
  "tenure":{
    "reference_mean":32.4428402367,
    "production_mean":31.6,
    "mean_difference":-0.8428402367,
    "reference_std":24.629183837,
    "production_std":24.4936701978
  },
  "MonthlyCharges":{
    "reference_mean":64.8945088757,
    "production_mean":65.6004,
    "mean_difference":0.7058911243,
    "reference_std":30.3260021577,
    "production_std":28.6826817488
  },
  "TotalCharges":{
    "reference_mean":2299.2988975818,
    "production_mean":2250.8120240481,
    "mean_difference":-48.4868735337,
    "reference_std":2287.7817224702,
    "production_std":2241.2083109089
  },
  "gender":{
    "Female":{
      "reference_freq":0.4970414201,
      "production_freq":0.48,
      "freq_difference":-0.0170414201
    },
    "Male":{
      "reference_freq":0.5029585799,
      "production_freq":0.52,
      "freq_difference":0.0170414201
    }
  },
  "Partner":{
    "No":{
      "reference_freq":0.5183431953,
      "production_freq":0.488,
      "freq_difference":-0.0303431953
    },
    "Yes":{
      "reference_freq":0.4816568047,
      "production_freq":0.512,
      "freq_difference":0.0303431953
    }
  },
  "Dependents":{
    "No":{
      "reference_freq":0.7017751479,
      "production_freq":0.686,
      "freq_difference":-0.0157751479
    },
    "Yes":{
      "reference_freq":0.2982248521,
      "production_freq":0.314,
      "freq_difference":0.0157751479
    }
  },
  "PhoneService":{
    "Yes":{
      "reference_freq":0.9020118343,
      "production_freq":0.898,
      "freq_difference":-0.0040118343
    },
    "No":{
      "reference_freq":0.0979881657,
      "production_freq":0.102,
      "freq_difference":0.0040118343
    }
  },
  "MultipleLines":{
    "No":{
      "reference_freq":0.4795266272,
      "production_freq":0.46,
      "freq_difference":-0.0195266272
    },
    "Yes":{
      "reference_freq":0.4224852071,
      "production_freq":0.438,
      "freq_difference":0.0155147929
    },
    "No phone service":{
      "reference_freq":0.0979881657,
      "production_freq":0.102,
      "freq_difference":0.0040118343
    }
  },
  "InternetService":{
    "Fiber optic":{
      "reference_freq":0.44,
      "production_freq":0.438,
      "freq_difference":-0.002
    },
    "No":{
      "reference_freq":0.2201183432,
      "production_freq":0.19,
      "freq_difference":-0.0301183432
    },
    "DSL":{
      "reference_freq":0.3398816568,
      "production_freq":0.372,
      "freq_difference":0.0321183432
    }
  },
  "OnlineSecurity":{
    "No":{
      "reference_freq":0.4906508876,
      "production_freq":0.514,
      "freq_difference":0.0233491124
    },
    "Yes":{
      "reference_freq":0.2892307692,
      "production_freq":0.296,
      "freq_difference":0.0067692308
    },
    "No internet service":{
      "reference_freq":0.2201183432,
      "production_freq":0.19,
      "freq_difference":-0.0301183432
    }
  },
  "OnlineBackup":{
    "No":{
      "reference_freq":0.4312426036,
      "production_freq":0.436,
      "freq_difference":0.0047573964
    },
    "Yes":{
      "reference_freq":0.3486390533,
      "production_freq":0.374,
      "freq_difference":0.0253609467
    },
    "No internet service":{
      "reference_freq":0.2201183432,
      "production_freq":0.19,
      "freq_difference":-0.0301183432
    }
  },
  "DeviceProtection":{
    "No":{
      "reference_freq":0.4307692308,
      "production_freq":0.47,
      "freq_difference":0.0392307692
    },
    "Yes":{
      "reference_freq":0.349112426,
      "production_freq":0.34,
      "freq_difference":-0.009112426
    },
    "No internet service":{
      "reference_freq":0.2201183432,
      "production_freq":0.19,
      "freq_difference":-0.0301183432
    }
  },
  "TechSupport":{
    "No":{
      "reference_freq":0.4828402367,
      "production_freq":0.54,
      "freq_difference":0.0571597633
    },
    "Yes":{
      "reference_freq":0.2970414201,
      "production_freq":0.27,
      "freq_difference":-0.0270414201
    },
    "No internet service":{
      "reference_freq":0.2201183432,
      "production_freq":0.19,
      "freq_difference":-0.0301183432
    }
  },
  "StreamingTV":{
    "Yes":{
      "reference_freq":0.3959763314,
      "production_freq":0.386,
      "freq_difference":-0.0099763314
    },
    "No":{
      "reference_freq":0.3839053254,
      "production_freq":0.424,
      "freq_difference":0.0400946746
    },
    "No internet service":{
      "reference_freq":0.2201183432,
      "production_freq":0.19,
      "freq_difference":-0.0301183432
    }
  },
  "StreamingMovies":{
    "Yes":{
      "reference_freq":0.3905325444,
      "production_freq":0.4,
      "freq_difference":0.0094674556
    },
    "No":{
      "reference_freq":0.3893491124,
      "production_freq":0.41,
      "freq_difference":0.0206508876
    },
    "No internet service":{
      "reference_freq":0.2201183432,
      "production_freq":0.19,
      "freq_difference":-0.0301183432
    }
  },
  "Contract":{
    "One year":{
      "reference_freq":0.2120710059,
      "production_freq":0.184,
      "freq_difference":-0.0280710059
    },
    "Two year":{
      "reference_freq":0.2426035503,
      "production_freq":0.256,
      "freq_difference":0.0133964497
    },
    "Month-to-month":{
      "reference_freq":0.5453254438,
      "production_freq":0.56,
      "freq_difference":0.0146745562
    }
  },
  "PaperlessBilling":{
    "Yes":{
      "reference_freq":0.584852071,
      "production_freq":0.594,
      "freq_difference":0.009147929
    },
    "No":{
      "reference_freq":0.415147929,
      "production_freq":0.406,
      "freq_difference":-0.009147929
    }
  },
  "PaymentMethod":{
    "Mailed check":{
      "reference_freq":0.2288757396,
      "production_freq":0.224,
      "freq_difference":-0.0048757396
    },
    "Credit card (automatic)":{
      "reference_freq":0.2165680473,
      "production_freq":0.23,
      "freq_difference":0.0134319527
    },
    "Bank transfer (automatic)":{
      "reference_freq":0.2208284024,
      "production_freq":0.228,
      "freq_difference":0.0071715976
    },
    "Electronic check":{
      "reference_freq":0.3337278107,
      "production_freq":0.318,
      "freq_difference":-0.0157278107
    }
  },
  "Churn":{
    "No":{
      "reference_freq":0.7346745562,
      "production_freq":0.72,
      "freq_difference":-0.0146745562
    },
    "Yes":{
      "reference_freq":0.2653254438,
      "production_freq":0.28,
      "freq_difference":0.0146745562
    }
  }
}