{
  "SeniorCitizen":{
    "reference_mean":0.1614201183,
    "production_mean":0.166,
    "mean_difference":0.0045798817,
    "reference_std":0.3679615606,
    "production_std":0.3724532761,
    "reference_missing_rate":0.0,
    "production_missing_rate":0.0,
    "psi":0.0001532138
  },
  "tenure":{
    "reference_mean":32.4428402367,
    "production_mean":32.312,
    "mean_difference":-0.1308402367,
    "reference_std":24.629183837,
    "production_std":23.9749087276,
    "reference_missing_rate":0.0,
    "production_missing_rate":0.0,
    "psi":0.0230583605
  },
  "MonthlyCharges":{
    "reference_mean":64.8945088757,
    "production_mean":63.6469,
    "mean_difference":-1.2476088757,
    "reference_std":30.3260021577,
    "production_std":30.4118019984,
    "reference_missing_rate":0.0,
    "production_missing_rate":0.0,
    "psi":0.0218871341
  },
  "TotalCharges":{
    "reference_mean":2299.2988975818,
    "production_mean":2213.5712,
    "mean_difference":-85.7276975818,
    "reference_std":2287.7817224702,
    "production_std":2212.2277836684,
    "reference_missing_rate":0.0016568047,
    "production_missing_rate":0.0,
    "psi":0.0245927062
  },
  "gender":{
    "psi":0.0006805978,
    "distribution_shift":{
      "Female":{
        "reference_freq":0.4970414201,
        "production_freq":0.484
      },
      "Male":{
        "reference_freq":0.5029585799,
        "production_freq":0.516
      }
    }
  },
  "Partner":{
    "psi":0.000278666,
    "distribution_shift":{
      "Yes":{
        "reference_freq":0.4816568047,
        "production_freq":0.49
      },
      "No":{
        "reference_freq":0.5183431953,
        "production_freq":0.51
      }
    }
  },
  "Dependents":{
    "psi":0.0014851066,
    "distribution_shift":{
      "Yes":{
        "reference_freq":0.2982248521,
        "production_freq":0.316
      },
      "No":{
        "reference_freq":0.7017751479,
        "production_freq":0.684
      }
    }
  },
  "PhoneService":{
    "psi":0.0000451318,
    "distribution_shift":{
      "Yes":{
        "reference_freq":0.9020118343,
        "production_freq":0.904
      },
      "No":{
        "reference_freq":0.0979881657,
        "production_freq":0.096
      }
    }
  },
  "MultipleLines":{
    "psi":0.0029251869,
    "distribution_shift":{
      "Yes":{
        "reference_freq":0.4224852071,
        "production_freq":0.398
      },
      "No":{
        "reference_freq":0.4795266272,
        "production_freq":0.506
      },
      "No phone service":{
        "reference_freq":0.0979881657,
        "production_freq":0.096
      }
    }
  },
  "InternetService":{
    "psi":0.0011814275,
    "distribution_shift":{
      "DSL":{
        "reference_freq":0.3398816568,
        "production_freq":0.324
      },
      "No":{
        "reference_freq":0.2201183432,
        "production_freq":0.228
      },
      "Fiber optic":{
        "reference_freq":0.44,
        "production_freq":0.448
      }
    }
  },
  "OnlineSecurity":{
    "psi":0.0015121082,
    "distribution_shift":{
      "No internet service":{
        "reference_freq":0.2201183432,
        "production_freq":0.228
      },
      "Yes":{
        "reference_freq":0.2892307692,
        "production_freq":0.272
      },
      "No":{
        "reference_freq":0.4906508876,
        "production_freq":0.5
      }
    }
  },
  "OnlineBackup":{
    "psi":0.0027219974,
    "distribution_shift":{
      "No internet service":{
        "reference_freq":0.2201183432,
        "production_freq":0.228
      },
      "Yes":{
        "reference_freq":0.3486390533,
        "production_freq":0.324
      },
      "No":{
        "reference_freq":0.4312426036,
        "production_freq":0.448
      }
    }
  },
  "DeviceProtection":{
    "psi":0.0087294813,
    "distribution_shift":{
      "No internet service":{
        "reference_freq":0.2201183432,
        "production_freq":0.228
      },
      "Yes":{
        "reference_freq":0.349112426,
        "production_freq":0.306
      },
      "No":{
        "reference_freq":0.4307692308,
        "production_freq":0.466
      }
    }
  },
  "TechSupport":{
    "psi":0.0061622418,
    "distribution_shift":{
      "No internet service":{
        "reference_freq":0.2201183432,
        "production_freq":0.228
      },
      "Yes":{
        "reference_freq":0.2970414201,
        "production_freq":0.262
      },
      "No":{
        "reference_freq":0.4828402367,
        "production_freq":0.51
      }
    }
  },
  "StreamingTV":{
    "psi":0.0056882925,
    "distribution_shift":{
      "No internet service":{
        "reference_freq":0.2201183432,
        "production_freq":0.228
      },
      "Yes":{
        "reference_freq":0.3959763314,
        "production_freq":0.36
      },
      "No":{
        "reference_freq":0.3839053254,
        "production_freq":0.412
      }
    }
  },
  "StreamingMovies":{
    "psi":0.0017907277,
    "distribution_shift":{
      "No internet service":{
        "reference_freq":0.2201183432,
        "production_freq":0.228
      },
      "Yes":{
        "reference_freq":0.3905325444,
        "production_freq":0.37
      },
      "No":{
        "reference_freq":0.3893491124,
        "production_freq":0.402
      }
    }
  },
  "Contract":{
    "psi":0.0032336298,
    "distribution_shift":{
      "Two year":{
        "reference_freq":0.2426035503,
        "production_freq":0.22
      },
      "Month-to-month":{
        "reference_freq":0.5453254438,
        "production_freq":0.554
      },
      "One year":{
        "reference_freq":0.2120710059,
        "production_freq":0.226
      }
    }
  },
  "PaperlessBilling":{
    "psi":0.0007154397,
    "distribution_shift":{
      "Yes":{
        "reference_freq":0.584852071,
        "production_freq":0.598
      },
      "No":{
        "reference_freq":0.415147929,
        "production_freq":0.402
      }
    }
  },
  "PaymentMethod":{
    "psi":0.0037155069,
    "distribution_shift":{
      "Electronic check":{
        "reference_freq":0.3337278107,
        "production_freq":0.362
      },
      "Bank transfer (automatic)":{
        "reference_freq":0.2208284024,
        "production_freq":0.214
      },
      "Credit card (automatic)":{
        "reference_freq":0.2165680473,
        "production_freq":0.21
      },
      "Mailed check":{
        "reference_freq":0.2288757396,
        "production_freq":0.214
      }
    }
  },
  "Churn":{
    "psi":0.0025702296,
    "distribution_shift":{
      "Yes":{
        "reference_freq":0.2653254438,
        "production_freq":0.288
      },
      "No":{
        "reference_freq":0.7346745562,
        "production_freq":0.712
      }
    }
  }
}