{
  "SeniorCitizen":{
    "reference_mean":0.1614201183,
    "production_mean":0.166,
    "mean_difference":0.0045798817,
    "reference_std":0.3679615606,
    "production_std":0.3724532761,
    "reference_missing_rate":0.0,
    "production_missing_rate":0.0,
    "psi":0.0001532138
  },
  "tenure":{
    "reference_mean":32.4428402367,
    "production_mean":33.588,
    "mean_difference":1.1451597633,
    "reference_std":24.629183837,
    "production_std":24.57686515,
    "reference_missing_rate":0.0,
    "production_missing_rate":0.0,
    "psi":0.0500379611
  },
  "MonthlyCharges":{
    "reference_mean":64.8945088757,
    "production_mean":65.8578,
    "mean_difference":0.9632911243,
    "reference_std":30.3260021577,
    "production_std":29.242854653,
    "reference_missing_rate":0.0,
    "production_missing_rate":0.0,
    "psi":0.0267119472
  },
  "TotalCharges":{
    "reference_mean":2299.2988975818,
    "production_mean":2389.8588176353,
    "mean_difference":90.5599200535,
    "reference_std":2287.7817224702,
    "production_std":2258.7582533953,
    "reference_missing_rate":0.0016568047,
    "production_missing_rate":0.002,
    "psi":0.0335958522
  },
  "gender":{
    "psi":0.0001936907,
    "distribution_shift":{
      "Female":{
        "reference_freq":0.4970414201,
        "production_freq":0.504
      },
      "Male":{
        "reference_freq":0.5029585799,
        "production_freq":0.496
      }
    }
  },
  "Partner":{
    "psi":0.0013464955,
    "distribution_shift":{
      "Yes":{
        "reference_freq":0.4816568047,
        "production_freq":0.5
      },
      "No":{
        "reference_freq":0.5183431953,
        "production_freq":0.5
      }
    }
  },
  "Dependents":{
    "psi":0.0008951044,
    "distribution_shift":{
      "Yes":{
        "reference_freq":0.2982248521,
        "production_freq":0.312
      },
      "No":{
        "reference_freq":0.7017751479,
        "production_freq":0.688
      }
    }
  },
  "PhoneService":{
    "psi":0.0049981502,
    "distribution_shift":{
      "Yes":{
        "reference_freq":0.9020118343,
        "production_freq":0.922
      },
      "No":{
        "reference_freq":0.0979881657,
        "production_freq":0.078
      }
    }
  },
  "MultipleLines":{
    "psi":0.0079376825,
    "distribution_shift":{
      "Yes":{
        "reference_freq":0.4224852071,
        "production_freq":0.458
      },
      "No":{
        "reference_freq":0.4795266272,
        "production_freq":0.464
      },
      "No phone service":{
        "reference_freq":0.0979881657,
        "production_freq":0.078
      }
    }
  },
  "InternetService":{
    "psi":0.0028783576,
    "distribution_shift":{
      "DSL":{
        "reference_freq":0.3398816568,
        "production_freq":0.358
      },
      "No":{
        "reference_freq":0.2201183432,
        "production_freq":0.2
      },
      "Fiber optic":{
        "reference_freq":0.44,
        "production_freq":0.442
      }
    }
  },
  "OnlineSecurity":{
    "psi":0.0035948506,
    "distribution_shift":{
      "No internet service":{
        "reference_freq":0.2201183432,
        "production_freq":0.2
      },
      "Yes":{
        "reference_freq":0.2892307692,
        "production_freq":0.282
      },
      "No":{
        "reference_freq":0.4906508876,
        "production_freq":0.518
      }
    }
  },
  "OnlineBackup":{
    "psi":0.0031186852,
    "distribution_shift":{
      "No internet service":{
        "reference_freq":0.2201183432,
        "production_freq":0.2
      },
      "Yes":{
        "reference_freq":0.3486390533,
        "production_freq":0.346
      },
      "No":{
        "reference_freq":0.4312426036,
        "production_freq":0.454
      }
    }
  },
  "DeviceProtection":{
    "psi":0.0053666731,
    "distribution_shift":{
      "No internet service":{
        "reference_freq":0.2201183432,
        "production_freq":0.2
      },
      "Yes":{
        "reference_freq":0.349112426,
        "production_freq":0.334
      },
      "No":{
        "reference_freq":0.4307692308,
        "production_freq":0.466
      }
    }
  },
  "TechSupport":{
    "psi":0.0025870313,
    "distribution_shift":{
      "No internet service":{
        "reference_freq":0.2201183432,
        "production_freq":0.2
      },
      "Yes":{
        "reference_freq":0.2970414201,
        "production_freq":0.31
      },
      "No":{
        "reference_freq":0.4828402367,
        "production_freq":0.49
      }
    }
  },
  "StreamingTV":{
    "psi":0.0104321118,
    "distribution_shift":{
      "No internet service":{
        "reference_freq":0.2201183432,
        "production_freq":0.2
      },
      "Yes":{
        "reference_freq":0.3959763314,
        "production_freq":0.366
      },
      "No":{
        "reference_freq":0.3839053254,
        "production_freq":0.434
      }
    }
  },
  "StreamingMovies":{
    "psi":0.0024975484,
    "distribution_shift":{
      "No internet service":{
        "reference_freq":0.2201183432,
        "production_freq":0.2
      },
      "Yes":{
        "reference_freq":0.3905325444,
        "production_freq":0.404
      },
      "No":{
        "reference_freq":0.3893491124,
        "production_freq":0.396
      }
    }
  },
  "Contract":{
    "psi":0.0011518547,
    "distribution_shift":{
      "Two year":{
        "reference_freq":0.2426035503,
        "production_freq":0.24
      },
      "Month-to-month":{
        "reference_freq":0.5453254438,
        "production_freq":0.534
      },
      "One year":{
        "reference_freq":0.2120710059,
        "production_freq":0.226
      }
    }
  },
  "PaperlessBilling":{
    "psi":0.0137915831,
    "distribution_shift":{
      "Yes":{
        "reference_freq":0.584852071,
        "production_freq":0.642
      },
      "No":{
        "reference_freq":0.415147929,
        "production_freq":0.358
      }
    }
  },
  "PaymentMethod":{
    "psi":0.0042928921,
    "distribution_shift":{
      "Electronic check":{
        "reference_freq":0.3337278107,
        "production_freq":0.364
      },
      "Bank transfer (automatic)":{
        "reference_freq":0.2208284024,
        "production_freq":0.206
      },
      "Credit card (automatic)":{
        "reference_freq":0.2165680473,
        "production_freq":0.206
      },
      "Mailed check":{
        "reference_freq":0.2288757396,
        "production_freq":0.224
      }
    }
  },
  "Churn":{
    "psi":0.0000365797,
    "distribution_shift":{
      "Yes":{
        "reference_freq":0.2653254438,
        "production_freq":0.268
      },
      "No":{
        "reference_freq":0.7346745562,
        "production_freq":0.732
      }
    }
  }
}