{
  "SeniorCitizen":{
    "reference_mean":0.1614201183,
    "production_mean":0.164,
    "mean_difference":0.0025798817,
    "reference_std":0.3679615606,
    "production_std":0.370646405
  },
  "tenure":{
    "reference_mean":32.4428402367,
    "production_mean":32.01,
    "mean_difference":-0.4328402367,
    "reference_std":24.629183837,
    "production_std":24.5556482244
  },
  "MonthlyCharges":{
    "reference_mean":64.8945088757,
    "production_mean":64.3883,
    "mean_difference":-0.5062088757,
    "reference_std":30.3260021577,
    "production_std":29.7597835601
  },
  "TotalCharges":{
    "reference_mean":2299.2988975818,
    "production_mean":2230.5724448898,
    "mean_difference":-68.726452692,
    "reference_std":2287.7817224702,
    "production_std":2200.3672701851
  },
  "gender":{
    "Female":{
      "reference_freq":0.4970414201,
      "production_freq":0.524,
      "freq_difference":0.0269585799
    },
    "Male":{
      "reference_freq":0.5029585799,
      "production_freq":0.476,
      "freq_difference":-0.0269585799
    }
  },
  "Partner":{
    "No":{
      "reference_freq":0.5183431953,
      "production_freq":0.512,
      "freq_difference":-0.0063431953
    },
    "Yes":{
      "reference_freq":0.4816568047,
      "production_freq":0.488,
      "freq_difference":0.0063431953
    }
  },
  "Dependents":{
    "No":{
      "reference_freq":0.7017751479,
      "production_freq":0.704,
      "freq_difference":0.0022248521
    },
    "Yes":{
      "reference_freq":0.2982248521,
      "production_freq":0.296,
      "freq_difference":-0.0022248521
    }
  },
  "PhoneService":{
    "Yes":{
      "reference_freq":0.9020118343,
      "production_freq":0.892,
      "freq_difference":-0.0100118343
    },
    "No":{
      "reference_freq":0.0979881657,
      "production_freq":0.108,
      "freq_difference":0.0100118343
    }
  },
  "MultipleLines":{
    "No":{
      "reference_freq":0.4795266272,
      "production_freq":0.506,
      "freq_difference":0.0264733728
    },
    "Yes":{
      "reference_freq":0.4224852071,
      "production_freq":0.386,
      "freq_difference":-0.0364852071
    },
    "No phone service":{
      "reference_freq":0.0979881657,
      "production_freq":0.108,
      "freq_difference":0.0100118343
    }
  },
  "InternetService":{
    "Fiber optic":{
      "reference_freq":0.44,
      "production_freq":0.436,
      "freq_difference":-0.004
    },
    "No":{
      "reference_freq":0.2201183432,
      "production_freq":0.206,
      "freq_difference":-0.0141183432
    },
    "DSL":{
      "reference_freq":0.3398816568,
      "production_freq":0.358,
      "freq_difference":0.0181183432
    }
  },
  "OnlineSecurity":{
    "No":{
      "reference_freq":0.4906508876,
      "production_freq":0.504,
      "freq_difference":0.0133491124
    },
    "Yes":{
      "reference_freq":0.2892307692,
      "production_freq":0.29,
      "freq_difference":0.0007692308
    },
    "No internet service":{
      "reference_freq":0.2201183432,
      "production_freq":0.206,
      "freq_difference":-0.0141183432
    }
  },
  "OnlineBackup":{
    "No":{
      "reference_freq":0.4312426036,
      "production_freq":0.468,
      "freq_difference":0.0367573964
    },
    "Yes":{
      "reference_freq":0.3486390533,
      "production_freq":0.326,
      "freq_difference":-0.0226390533
    },
    "No internet service":{
      "reference_freq":0.2201183432,
      "production_freq":0.206,
      "freq_difference":-0.0141183432
    }
  },
  "DeviceProtection":{
    "No":{
      "reference_freq":0.4307692308,
      "production_freq":0.44,
      "freq_difference":0.0092307692
    },
    "Yes":{
      "reference_freq":0.349112426,
      "production_freq":0.354,
      "freq_difference":0.004887574
    },
    "No internet service":{
      "reference_freq":0.2201183432,
      "production_freq":0.206,
      "freq_difference":-0.0141183432
    }
  },
  "TechSupport":{
    "No":{
      "reference_freq":0.4828402367,
      "production_freq":0.524,
      "freq_difference":0.0411597633
    },
    "Yes":{
      "reference_freq":0.2970414201,
      "production_freq":0.27,
      "freq_difference":-0.0270414201
    },
    "No internet service":{
      "reference_freq":0.2201183432,
      "production_freq":0.206,
      "freq_difference":-0.0141183432
    }
  },
  "StreamingTV":{
    "Yes":{
      "reference_freq":0.3959763314,
      "production_freq":0.386,
      "freq_difference":-0.0099763314
    },
    "No":{
      "reference_freq":0.3839053254,
      "production_freq":0.408,
      "freq_difference":0.0240946746
    },
    "No internet service":{
      "reference_freq":0.2201183432,
      "production_freq":0.206,
      "freq_difference":-0.0141183432
    }
  },
  "StreamingMovies":{
    "Yes":{
      "reference_freq":0.3905325444,
      "production_freq":0.386,
      "freq_difference":-0.0045325444
    },
    "No":{
      "reference_freq":0.3893491124,
      "production_freq":0.408,
      "freq_difference":0.0186508876
    },
    "No internet service":{
      "reference_freq":0.2201183432,
      "production_freq":0.206,
      "freq_difference":-0.0141183432
    }
  },
  "Contract":{
    "One year":{
      "reference_freq":0.2120710059,
      "production_freq":0.21,
      "freq_difference":-0.0020710059
    },
    "Two year":{
      "reference_freq":0.2426035503,
      "production_freq":0.226,
      "freq_difference":-0.0166035503
    },
    "Month-to-month":{
      "reference_freq":0.5453254438,
      "production_freq":0.564,
      "freq_difference":0.0186745562
    }
  },
  "PaperlessBilling":{
    "Yes":{
      "reference_freq":0.584852071,
      "production_freq":0.596,
      "freq_difference":0.011147929
    },
    "No":{
      "reference_freq":0.415147929,
      "production_freq":0.404,
      "freq_difference":-0.011147929
    }
  },
  "PaymentMethod":{
    "Mailed check":{
      "reference_freq":0.2288757396,
      "production_freq":0.224,
      "freq_difference":-0.0048757396
    },
    "Credit card (automatic)":{
      "reference_freq":0.2165680473,
      "production_freq":0.21,
      "freq_difference":-0.0065680473
    },
    "Bank transfer (automatic)":{
      "reference_freq":0.2208284024,
      "production_freq":0.234,
      "freq_difference":0.0131715976
    },
    "Electronic check":{
      "reference_freq":0.3337278107,
      "production_freq":0.332,
      "freq_difference":-0.0017278107
    }
  },
  "Churn":{
    "No":{
      "reference_freq":0.7346745562,
      "production_freq":0.734,
      "freq_difference":-0.0006745562
    },
    "Yes":{
      "reference_freq":0.2653254438,
      "production_freq":0.266,
      "freq_difference":0.0006745562
    }
  }
}