{
  "SeniorCitizen":{
    "reference_mean":0.1614201183,
    "production_mean":0.1572327044,
    "mean_difference":-0.0041874139,
    "reference_std":0.3679615606,
    "production_std":0.3645937404
  },
  "tenure":{
    "reference_mean":32.4428402367,
    "production_mean":31.7924528302,
    "mean_difference":-0.6503874065,
    "reference_std":24.629183837,
    "production_std":24.3897313738
  },
  "MonthlyCharges":{
    "reference_mean":64.8945088757,
    "production_mean":64.3330188679,
    "mean_difference":-0.5614900078,
    "reference_std":30.3260021577,
    "production_std":29.9147576181
  },
  "TotalCharges":{
    "reference_mean":2299.2988975818,
    "production_mean":2229.5188679245,
    "mean_difference":-69.7800296573,
    "reference_std":2287.7817224702,
    "production_std":2239.5000448055
  },
  "gender":{
    "Female":{
      "reference_freq":0.4970414201,
      "production_freq":0.4496855346,
      "freq_difference":-0.0473558855
    },
    "Male":{
      "reference_freq":0.5029585799,
      "production_freq":0.5503144654,
      "freq_difference":0.0473558855
    }
  },
  "Partner":{
    "No":{
      "reference_freq":0.5183431953,
      "production_freq":0.5534591195,
      "freq_difference":0.0351159242
    },
    "Yes":{
      "reference_freq":0.4816568047,
      "production_freq":0.4465408805,
      "freq_difference":-0.0351159242
    }
  },
  "Dependents":{
    "No":{
      "reference_freq":0.7017751479,
      "production_freq":0.7169811321,
      "freq_difference":0.0152059841
    },
    "Yes":{
      "reference_freq":0.2982248521,
      "production_freq":0.2830188679,
      "freq_difference":-0.0152059841
    }
  },
  "PhoneService":{
    "Yes":{
      "reference_freq":0.9020118343,
      "production_freq":0.9088050314,
      "freq_difference":0.0067931971
    },
    "No":{
      "reference_freq":0.0979881657,
      "production_freq":0.0911949686,
      "freq_difference":-0.0067931971
    }
  },
  "MultipleLines":{
    "No":{
      "reference_freq":0.4795266272,
      "production_freq":0.4779874214,
      "freq_difference":-0.0015392058
    },
    "Yes":{
      "reference_freq":0.4224852071,
      "production_freq":0.4308176101,
      "freq_difference":0.008332403
    },
    "No phone service":{
      "reference_freq":0.0979881657,
      "production_freq":0.0911949686,
      "freq_difference":-0.0067931971
    }
  },
  "InternetService":{
    "Fiber optic":{
      "reference_freq":0.44,
      "production_freq":0.4308176101,
      "freq_difference":-0.0091823899
    },
    "No":{
      "reference_freq":0.2201183432,
      "production_freq":0.2169811321,
      "freq_difference":-0.0031372111
    },
    "DSL":{
      "reference_freq":0.3398816568,
      "production_freq":0.3522012579,
      "freq_difference":0.0123196011
    }
  },
  "OnlineSecurity":{
    "No":{
      "reference_freq":0.4906508876,
      "production_freq":0.5251572327,
      "freq_difference":0.0345063451
    },
    "Yes":{
      "reference_freq":0.2892307692,
      "production_freq":0.2578616352,
      "freq_difference":-0.031369134
    },
    "No internet service":{
      "reference_freq":0.2201183432,
      "production_freq":0.2169811321,
      "freq_difference":-0.0031372111
    }
  },
  "OnlineBackup":{
    "No":{
      "reference_freq":0.4312426036,
      "production_freq":0.4433962264,
      "freq_difference":0.0121536229
    },
    "Yes":{
      "reference_freq":0.3486390533,
      "production_freq":0.3396226415,
      "freq_difference":-0.0090164117
    },
    "No internet service":{
      "reference_freq":0.2201183432,
      "production_freq":0.2169811321,
      "freq_difference":-0.0031372111
    }
  },
  "DeviceProtection":{
    "No":{
      "reference_freq":0.4307692308,
      "production_freq":0.4465408805,
      "freq_difference":0.0157716497
    },
    "Yes":{
      "reference_freq":0.349112426,
      "production_freq":0.3364779874,
      "freq_difference":-0.0126344386
    },
    "No internet service":{
      "reference_freq":0.2201183432,
      "production_freq":0.2169811321,
      "freq_difference":-0.0031372111
    }
  },
  "TechSupport":{
    "No":{
      "reference_freq":0.4828402367,
      "production_freq":0.4874213836,
      "freq_difference":0.004581147
    },
    "Yes":{
      "reference_freq":0.2970414201,
      "production_freq":0.2955974843,
      "freq_difference":-0.0014439358
    },
    "No internet service":{
      "reference_freq":0.2201183432,
      "production_freq":0.2169811321,
      "freq_difference":-0.0031372111
    }
  },
  "StreamingTV":{
    "Yes":{
      "reference_freq":0.3959763314,
      "production_freq":0.3647798742,
      "freq_difference":-0.0311964571
    },
    "No":{
      "reference_freq":0.3839053254,
      "production_freq":0.4182389937,
      "freq_difference":0.0343336683
    },
    "No internet service":{
      "reference_freq":0.2201183432,
      "production_freq":0.2169811321,
      "freq_difference":-0.0031372111
    }
  },
  "StreamingMovies":{
    "Yes":{
      "reference_freq":0.3905325444,
      "production_freq":0.3899371069,
      "freq_difference":-0.0005954375
    },
    "No":{
      "reference_freq":0.3893491124,
      "production_freq":0.393081761,
      "freq_difference":0.0037326486
    },
    "No internet service":{
      "reference_freq":0.2201183432,
      "production_freq":0.2169811321,
      "freq_difference":-0.0031372111
    }
  },
  "Contract":{
    "One year":{
      "reference_freq":0.2120710059,
      "production_freq":0.2044025157,
      "freq_difference":-0.0076684902
    },
    "Two year":{
      "reference_freq":0.2426035503,
      "production_freq":0.2421383648,
      "freq_difference":-0.0004651855
    },
    "Month-to-month":{
      "reference_freq":0.5453254438,
      "production_freq":0.5534591195,
      "freq_difference":0.0081336757
    }
  },
  "PaperlessBilling":{
    "Yes":{
      "reference_freq":0.584852071,
      "production_freq":0.5628930818,
      "freq_difference":-0.0219589892
    },
    "No":{
      "reference_freq":0.415147929,
      "production_freq":0.4371069182,
      "freq_difference":0.0219589892
    }
  },
  "PaymentMethod":{
    "Mailed check":{
      "reference_freq":0.2288757396,
      "production_freq":0.2232704403,
      "freq_difference":-0.0056052994
    },
    "Credit card (automatic)":{
      "reference_freq":0.2165680473,
      "production_freq":0.2169811321,
      "freq_difference":0.0004130847
    },
    "Bank transfer (automatic)":{
      "reference_freq":0.2208284024,
      "production_freq":0.2232704403,
      "freq_difference":0.0024420379
    },
    "Electronic check":{
      "reference_freq":0.3337278107,
      "production_freq":0.3364779874,
      "freq_difference":0.0027501768
    }
  },
  "Churn":{
    "No":{
      "reference_freq":0.7346745562,
      "production_freq":0.7735849057,
      "freq_difference":0.0389103494
    },
    "Yes":{
      "reference_freq":0.2653254438,
      "production_freq":0.2264150943,
      "freq_difference":-0.0389103494
    }
  }
}