{
  "SeniorCitizen":{
    "reference_mean":0.1614201183,
    "production_mean":0.166,
    "mean_difference":0.0045798817,
    "reference_std":0.3679615606,
    "production_std":0.3724532761
  },
  "tenure":{
    "reference_mean":32.4428402367,
    "production_mean":33.588,
    "mean_difference":1.1451597633,
    "reference_std":24.629183837,
    "production_std":24.57686515
  },
  "MonthlyCharges":{
    "reference_mean":64.8945088757,
    "production_mean":65.8578,
    "mean_difference":0.9632911243,
    "reference_std":30.3260021577,
    "production_std":29.242854653
  },
  "TotalCharges":{
    "reference_mean":2299.2988975818,
    "production_mean":2389.8588176353,
    "mean_difference":90.5599200535,
    "reference_std":2287.7817224702,
    "production_std":2258.7582533953
  },
  "gender":{
    "Female":{
      "reference_freq":0.4970414201,
      "production_freq":0.504,
      "freq_difference":0.0069585799
    },
    "Male":{
      "reference_freq":0.5029585799,
      "production_freq":0.496,
      "freq_difference":-0.0069585799
    }
  },
  "Partner":{
    "No":{
      "reference_freq":0.5183431953,
      "production_freq":0.5,
      "freq_difference":-0.0183431953
    },
    "Yes":{
      "reference_freq":0.4816568047,
      "production_freq":0.5,
      "freq_difference":0.0183431953
    }
  },
  "Dependents":{
    "No":{
      "reference_freq":0.7017751479,
      "production_freq":0.688,
      "freq_difference":-0.0137751479
    },
    "Yes":{
      "reference_freq":0.2982248521,
      "production_freq":0.312,
      "freq_difference":0.0137751479
    }
  },
  "PhoneService":{
    "Yes":{
      "reference_freq":0.9020118343,
      "production_freq":0.922,
      "freq_difference":0.0199881657
    },
    "No":{
      "reference_freq":0.0979881657,
      "production_freq":0.078,
      "freq_difference":-0.0199881657
    }
  },
  "MultipleLines":{
    "No":{
      "reference_freq":0.4795266272,
      "production_freq":0.464,
      "freq_difference":-0.0155266272
    },
    "Yes":{
      "reference_freq":0.4224852071,
      "production_freq":0.458,
      "freq_difference":0.0355147929
    },
    "No phone service":{
      "reference_freq":0.0979881657,
      "production_freq":0.078,
      "freq_difference":-0.0199881657
    }
  },
  "InternetService":{
    "Fiber optic":{
      "reference_freq":0.44,
      "production_freq":0.442,
      "freq_difference":0.002
    },
    "No":{
      "reference_freq":0.2201183432,
      "production_freq":0.2,
      "freq_difference":-0.0201183432
    },
    "DSL":{
      "reference_freq":0.3398816568,
      "production_freq":0.358,
      "freq_difference":0.0181183432
    }
  },
  "OnlineSecurity":{
    "No":{
      "reference_freq":0.4906508876,
      "production_freq":0.518,
      "freq_difference":0.0273491124
    },
    "Yes":{
      "reference_freq":0.2892307692,
      "production_freq":0.282,
      "freq_difference":-0.0072307692
    },
    "No internet service":{
      "reference_freq":0.2201183432,
      "production_freq":0.2,
      "freq_difference":-0.0201183432
    }
  },
  "OnlineBackup":{
    "No":{
      "reference_freq":0.4312426036,
      "production_freq":0.454,
      "freq_difference":0.0227573964
    },
    "Yes":{
      "reference_freq":0.3486390533,
      "production_freq":0.346,
      "freq_difference":-0.0026390533
    },
    "No internet service":{
      "reference_freq":0.2201183432,
      "production_freq":0.2,
      "freq_difference":-0.0201183432
    }
  },
  "DeviceProtection":{
    "No":{
      "reference_freq":0.4307692308,
      "production_freq":0.466,
      "freq_difference":0.0352307692
    },
    "Yes":{
      "reference_freq":0.349112426,
      "production_freq":0.334,
      "freq_difference":-0.015112426
    },
    "No internet service":{
      "reference_freq":0.2201183432,
      "production_freq":0.2,
      "freq_difference":-0.0201183432
    }
  },
  "TechSupport":{
    "No":{
      "reference_freq":0.4828402367,
      "production_freq":0.49,
      "freq_difference":0.0071597633
    },
    "Yes":{
      "reference_freq":0.2970414201,
      "production_freq":0.31,
      "freq_difference":0.0129585799
    },
    "No internet service":{
      "reference_freq":0.2201183432,
      "production_freq":0.2,
      "freq_difference":-0.0201183432
    }
  },
  "StreamingTV":{
    "Yes":{
      "reference_freq":0.3959763314,
      "production_freq":0.366,
      "freq_difference":-0.0299763314
    },
    "No":{
      "reference_freq":0.3839053254,
      "production_freq":0.434,
      "freq_difference":0.0500946746
    },
    "No internet service":{
      "reference_freq":0.2201183432,
      "production_freq":0.2,
      "freq_difference":-0.0201183432
    }
  },
  "StreamingMovies":{
    "Yes":{
      "reference_freq":0.3905325444,
      "production_freq":0.404,
      "freq_difference":0.0134674556
    },
    "No":{
      "reference_freq":0.3893491124,
      "production_freq":0.396,
      "freq_difference":0.0066508876
    },
    "No internet service":{
      "reference_freq":0.2201183432,
      "production_freq":0.2,
      "freq_difference":-0.0201183432
    }
  },
  "Contract":{
    "One year":{
      "reference_freq":0.2120710059,
      "production_freq":0.226,
      "freq_difference":0.0139289941
    },
    "Two year":{
      "reference_freq":0.2426035503,
      "production_freq":0.24,
      "freq_difference":-0.0026035503
    },
    "Month-to-month":{
      "reference_freq":0.5453254438,
      "production_freq":0.534,
      "freq_difference":-0.0113254438
    }
  },
  "PaperlessBilling":{
    "Yes":{
      "reference_freq":0.584852071,
      "production_freq":0.642,
      "freq_difference":0.057147929
    },
    "No":{
      "reference_freq":0.415147929,
      "production_freq":0.358,
      "freq_difference":-0.057147929
    }
  },
  "PaymentMethod":{
    "Mailed check":{
      "reference_freq":0.2288757396,
      "production_freq":0.224,
      "freq_difference":-0.0048757396
    },
    "Credit card (automatic)":{
      "reference_freq":0.2165680473,
      "production_freq":0.206,
      "freq_difference":-0.0105680473
    },
    "Bank transfer (automatic)":{
      "reference_freq":0.2208284024,
      "production_freq":0.206,
      "freq_difference":-0.0148284024
    },
    "Electronic check":{
      "reference_freq":0.3337278107,
      "production_freq":0.364,
      "freq_difference":0.0302721893
    }
  },
  "Churn":{
    "No":{
      "reference_freq":0.7346745562,
      "production_freq":0.732,
      "freq_difference":-0.0026745562
    },
    "Yes":{
      "reference_freq":0.2653254438,
      "production_freq":0.268,
      "freq_difference":0.0026745562
    }
  }
}