{
  "SeniorCitizen":{
    "reference_mean":0.1614201183,
    "production_mean":0.166,
    "mean_difference":0.0045798817,
    "reference_std":0.3679615606,
    "production_std":0.3724532761
  },
  "tenure":{
    "reference_mean":32.4428402367,
    "production_mean":32.312,
    "mean_difference":-0.1308402367,
    "reference_std":24.629183837,
    "production_std":23.9749087276
  },
  "MonthlyCharges":{
    "reference_mean":64.8945088757,
    "production_mean":63.6469,
    "mean_difference":-1.2476088757,
    "reference_std":30.3260021577,
    "production_std":30.4118019984
  },
  "TotalCharges":{
    "reference_mean":2299.2988975818,
    "production_mean":2213.5712,
    "mean_difference":-85.7276975818,
    "reference_std":2287.7817224702,
    "production_std":2212.2277836684
  },
  "gender":{
    "Female":{
      "reference_freq":0.4970414201,
      "production_freq":0.484,
      "freq_difference":-0.0130414201
    },
    "Male":{
      "reference_freq":0.5029585799,
      "production_freq":0.516,
      "freq_difference":0.0130414201
    }
  },
  "Partner":{
    "No":{
      "reference_freq":0.5183431953,
      "production_freq":0.51,
      "freq_difference":-0.0083431953
    },
    "Yes":{
      "reference_freq":0.4816568047,
      "production_freq":0.49,
      "freq_difference":0.0083431953
    }
  },
  "Dependents":{
    "No":{
      "reference_freq":0.7017751479,
      "production_freq":0.684,
      "freq_difference":-0.0177751479
    },
    "Yes":{
      "reference_freq":0.2982248521,
      "production_freq":0.316,
      "freq_difference":0.0177751479
    }
  },
  "PhoneService":{
    "Yes":{
      "reference_freq":0.9020118343,
      "production_freq":0.904,
      "freq_difference":0.0019881657
    },
    "No":{
      "reference_freq":0.0979881657,
      "production_freq":0.096,
      "freq_difference":-0.0019881657
    }
  },
  "MultipleLines":{
    "No":{
      "reference_freq":0.4795266272,
      "production_freq":0.506,
      "freq_difference":0.0264733728
    },
    "Yes":{
      "reference_freq":0.4224852071,
      "production_freq":0.398,
      "freq_difference":-0.0244852071
    },
    "No phone service":{
      "reference_freq":0.0979881657,
      "production_freq":0.096,
      "freq_difference":-0.0019881657
    }
  },
  "InternetService":{
    "Fiber optic":{
      "reference_freq":0.44,
      "production_freq":0.448,
      "freq_difference":0.008
    },
    "No":{
      "reference_freq":0.2201183432,
      "production_freq":0.228,
      "freq_difference":0.0078816568
    },
    "DSL":{
      "reference_freq":0.3398816568,
      "production_freq":0.324,
      "freq_difference":-0.0158816568
    }
  },
  "OnlineSecurity":{
    "No":{
      "reference_freq":0.4906508876,
      "production_freq":0.5,
      "freq_difference":0.0093491124
    },
    "Yes":{
      "reference_freq":0.2892307692,
      "production_freq":0.272,
      "freq_difference":-0.0172307692
    },
    "No internet service":{
      "reference_freq":0.2201183432,
      "production_freq":0.228,
      "freq_difference":0.0078816568
    }
  },
  "OnlineBackup":{
    "No":{
      "reference_freq":0.4312426036,
      "production_freq":0.448,
      "freq_difference":0.0167573964
    },
    "Yes":{
      "reference_freq":0.3486390533,
      "production_freq":0.324,
      "freq_difference":-0.0246390533
    },
    "No internet service":{
      "reference_freq":0.2201183432,
      "production_freq":0.228,
      "freq_difference":0.0078816568
    }
  },
  "DeviceProtection":{
    "No":{
      "reference_freq":0.4307692308,
      "production_freq":0.466,
      "freq_difference":0.0352307692
    },
    "Yes":{
      "reference_freq":0.349112426,
      "production_freq":0.306,
      "freq_difference":-0.043112426
    },
    "No internet service":{
      "reference_freq":0.2201183432,
      "production_freq":0.228,
      "freq_difference":0.0078816568
    }
  },
  "TechSupport":{
    "No":{
      "reference_freq":0.4828402367,
      "production_freq":0.51,
      "freq_difference":0.0271597633
    },
    "Yes":{
      "reference_freq":0.2970414201,
      "production_freq":0.262,
      "freq_difference":-0.0350414201
    },
    "No internet service":{
      "reference_freq":0.2201183432,
      "production_freq":0.228,
      "freq_difference":0.0078816568
    }
  },
  "StreamingTV":{
    "Yes":{
      "reference_freq":0.3959763314,
      "production_freq":0.36,
      "freq_difference":-0.0359763314
    },
    "No":{
      "reference_freq":0.3839053254,
      "production_freq":0.412,
      "freq_difference":0.0280946746
    },
    "No internet service":{
      "reference_freq":0.2201183432,
      "production_freq":0.228,
      "freq_difference":0.0078816568
    }
  },
  "StreamingMovies":{
    "Yes":{
      "reference_freq":0.3905325444,
      "production_freq":0.37,
      "freq_difference":-0.0205325444
    },
    "No":{
      "reference_freq":0.3893491124,
      "production_freq":0.402,
      "freq_difference":0.0126508876
    },
    "No internet service":{
      "reference_freq":0.2201183432,
      "production_freq":0.228,
      "freq_difference":0.0078816568
    }
  },
  "Contract":{
    "One year":{
      "reference_freq":0.2120710059,
      "production_freq":0.226,
      "freq_difference":0.0139289941
    },
    "Two year":{
      "reference_freq":0.2426035503,
      "production_freq":0.22,
      "freq_difference":-0.0226035503
    },
    "Month-to-month":{
      "reference_freq":0.5453254438,
      "production_freq":0.554,
      "freq_difference":0.0086745562
    }
  },
  "PaperlessBilling":{
    "Yes":{
      "reference_freq":0.584852071,
      "production_freq":0.598,
      "freq_difference":0.013147929
    },
    "No":{
      "reference_freq":0.415147929,
      "production_freq":0.402,
      "freq_difference":-0.013147929
    }
  },
  "PaymentMethod":{
    "Mailed check":{
      "reference_freq":0.2288757396,
      "production_freq":0.214,
      "freq_difference":-0.0148757396
    },
    "Credit card (automatic)":{
      "reference_freq":0.2165680473,
      "production_freq":0.21,
      "freq_difference":-0.0065680473
    },
    "Bank transfer (automatic)":{
      "reference_freq":0.2208284024,
      "production_freq":0.214,
      "freq_difference":-0.0068284024
    },
    "Electronic check":{
      "reference_freq":0.3337278107,
      "production_freq":0.362,
      "freq_difference":0.0282721893
    }
  },
  "Churn":{
    "No":{
      "reference_freq":0.7346745562,
      "production_freq":0.712,
      "freq_difference":-0.0226745562
    },
    "Yes":{
      "reference_freq":0.2653254438,
      "production_freq":0.288,
      "freq_difference":0.0226745562
    }
  }
}