{
  "batch":"production_batch_0",
  "features":{
    "gender":[
      {
        "group":"Male",
        "count":260,
        "precision":0.701754386,
        "recall":0.5797101449
      },
      {
        "group":"Female",
        "count":240,
        "precision":0.7118644068,
        "recall":0.5915492958
      }
    ],
    "SeniorCitizen":[
      {
        "group":0,
        "count":426,
        "precision":0.6823529412,
        "recall":0.5576923077
      },
      {
        "group":1,
        "count":74,
        "precision":0.7741935484,
        "recall":0.6666666667
      }
    ],
    "Partner":[
      {
        "group":"Yes",
        "count":256,
        "precision":0.71875,
        "recall":0.4509803922
      },
      {
        "group":"No",
        "count":244,
        "precision":0.7023809524,
        "recall":0.6629213483
      }
    ]
  }
}