{
  "batch":"production_batch_4",
  "features":{
    "gender":[
      {
        "group":"Male",
        "count":251,
        "precision":0.5901639344,
        "recall":0.6
      },
      {
        "group":"Female",
        "count":249,
        "precision":0.7234042553,
        "recall":0.5230769231
      }
    ],
    "SeniorCitizen":[
      {
        "group":0,
        "count":412,
        "precision":0.6351351351,
        "recall":0.5164835165
      },
      {
        "group":1,
        "count":88,
        "precision":0.6764705882,
        "recall":0.6764705882
      }
    ],
    "Partner":[
      {
        "group":"Yes",
        "count":230,
        "precision":0.5757575758,
        "recall":0.4871794872
      },
      {
        "group":"No",
        "count":270,
        "precision":0.68,
        "recall":0.5930232558
      }
    ]
  }
}