{
  "batch":"production_batch_2",
  "features":{
    "gender":[
      {
        "group":"Female",
        "count":252,
        "precision":0.609375,
        "recall":0.5342465753
      },
      {
        "group":"Male",
        "count":248,
        "precision":0.6551724138,
        "recall":0.6229508197
      }
    ],
    "SeniorCitizen":[
      {
        "group":0,
        "count":417,
        "precision":0.6279069767,
        "recall":0.5346534653
      },
      {
        "group":1,
        "count":83,
        "precision":0.6388888889,
        "recall":0.696969697
      }
    ],
    "Partner":[
      {
        "group":"No",
        "count":250,
        "precision":0.6352941176,
        "recall":0.606741573
      },
      {
        "group":"Yes",
        "count":250,
        "precision":0.6216216216,
        "recall":0.5111111111
      }
    ]
  }
}