{
  "batch":"production_batch_1",
  "features":{
    "gender":[
      {
        "group":"Female",
        "count":262,
        "precision":0.625,
        "recall":0.5194805195
      },
      {
        "group":"Male",
        "count":238,
        "precision":0.5961538462,
        "recall":0.5535714286
      }
    ],
    "SeniorCitizen":[
      {
        "group":1,
        "count":82,
        "precision":0.5428571429,
        "recall":0.59375
      },
      {
        "group":0,
        "count":418,
        "precision":0.6419753086,
        "recall":0.5148514851
      }
    ],
    "Partner":[
      {
        "group":"Yes",
        "count":244,
        "precision":0.5813953488,
        "recall":0.5208333333
      },
      {
        "group":"No",
        "count":256,
        "precision":0.6301369863,
        "recall":0.5411764706
      }
    ]
  }
}