{
  "batch":"production_batch_5",
  "features":{
    "gender":[
      {
        "group":"Male",
        "count":175,
        "precision":0.5757575758,
        "recall":0.5277777778
      },
      {
        "group":"Female",
        "count":143,
        "precision":0.525,
        "recall":0.5833333333
      }
    ],
    "SeniorCitizen":[
      {
        "group":1,
        "count":50,
        "precision":0.5,
        "recall":0.5882352941
      },
      {
        "group":0,
        "count":268,
        "precision":0.5660377358,
        "recall":0.5454545455
      }
    ],
    "Partner":[
      {
        "group":"Yes",
        "count":142,
        "precision":0.619047619,
        "recall":0.4642857143
      },
      {
        "group":"No",
        "count":176,
        "precision":0.5192307692,
        "recall":0.6136363636
      }
    ]
  }
}