{
  "batch":"production_batch_3",
  "features":{
    "gender":[
      {
        "group":"Male",
        "count":258,
        "precision":0.7307692308,
        "recall":0.5135135135
      },
      {
        "group":"Female",
        "count":242,
        "precision":0.6833333333,
        "recall":0.5857142857
      }
    ],
    "SeniorCitizen":[
      {
        "group":0,
        "count":417,
        "precision":0.6710526316,
        "recall":0.5
      },
      {
        "group":1,
        "count":83,
        "precision":0.7777777778,
        "recall":0.6666666667
      }
    ],
    "Partner":[
      {
        "group":"No",
        "count":255,
        "precision":0.6756756757,
        "recall":0.5882352941
      },
      {
        "group":"Yes",
        "count":245,
        "precision":0.7631578947,
        "recall":0.4915254237
      }
    ]
  }
}